armstron = Tim Armstrong <tim.g.armstrong@gmail.com>
wozniak = Justin Wozniak <wozniak@mcs.anl.gov>
ketan = Ketan Maheswari <ketancmaheshwari@gmail.com>
zzhang = Zhao Zhang <zhaozhang@cs.uchicago.edu>
yadunand = Yadu Nand B <yadudoc1729@gmail.com>
skrieder = Scott J. Krieder <skrieder@iit.edu>
